share_id,participant_id,team_code,matches_played,total_points,total_shares,points_per_share
1,1,ENG,13,19.8,30,0.66
2,1,ENG,13,19.8,30,0.66
3,1,ENG,13,19.8,30,0.66
4,1,IND,7,12.5,25,0.5
5,1,IND,7,12.5,25,0.5
6,1,IND,7,12.5,25,0.5
7,1,AUS,10,66.8,32,2.0875
8,1,AUS,10,66.8,32,2.0875
9,1,NED,4,0.2,4,0.05
10,1,WIN,6,4.2,11,0.38181818181818183
11,2,AUS,10,66.8,32,2.0875
12,2,AUS,10,66.8,32,2.0875
13,2,AUS,10,66.8,32,2.0875
14,2,IND,7,12.5,25,0.5
15,2,IND,7,12.5,25,0.5
16,2,ENG,13,19.8,30,0.66
17,2,WIN,6,4.2,11,0.38181818181818183
18,2,WIN,6,4.2,11,0.38181818181818183
19,2,"NAM",9,9,3,3
20,2,RSA,9,16.8,5,3.3600000000000003
21,3,AUS,10,66.8,32,2.0875
22,3,AUS,10,66.8,32,2.0875
23,3,AUS,10,66.8,32,2.0875
24,3,IND,7,12.5,25,0.5
25,3,IND,7,12.5,25,0.5
26,3,IND,7,12.5,25,0.5
27,3,ENG,13,19.8,30,0.66
28,3,ENG,13,19.8,30,0.66
29,3,IRE,7,2.5,6,0.4166666666666667
30,3,LKA,14,16.1,10,1.61
31,4,WIN,6,4.2,11,0.38181818181818183
32,4,WIN,6,4.2,11,0.38181818181818183
33,4,WIN,6,4.2,11,0.38181818181818183
34,4,AUS,10,66.8,32,2.0875
35,4,AUS,10,66.8,32,2.0875
36,4,IND,7,12.5,25,0.5
37,4,RSA,9,16.8,5,3.3600000000000003
38,4,AFG,9,9.2,7,1.3142857142857143
39,4,SCO,13,8,1,8
40,4,PAK,9,22.6,9,2.511111111111111
41,5,PAK,9,22.6,9,2.511111111111111
42,5,PAK,9,22.6,9,2.511111111111111
43,5,PAK,9,22.6,9,2.511111111111111
44,5,AUS,10,66.8,32,2.0875
45,5,AUS,10,66.8,32,2.0875
46,5,ENG,13,19.8,30,0.66
47,5,ENG,13,19.8,30,0.66
48,5,IRE,7,2.5,6,0.4166666666666667
49,5,PNG,4,0.2,1,0.2
50,5,NZL,10,34.4,18,1.911111111111111
51,6,WIN,6,4.2,11,0.38181818181818183
52,6,WIN,6,4.2,11,0.38181818181818183
53,6,RSA,9,16.8,5,3.3600000000000003
54,6,AFG,9,9.2,7,1.3142857142857143
55,6,AFG,9,9.2,7,1.3142857142857143
56,6,BAN,13,5.9,6,0.9833333333333334
57,6,BAN,13,5.9,6,0.9833333333333334
58,6,NZL,10,34.4,18,1.911111111111111
59,6,NZL,10,34.4,18,1.911111111111111
60,6,ENG,13,19.8,30,0.66
61,7,LKA,14,16.1,10,1.61
62,7,LKA,14,16.1,10,1.61
63,7,LKA,14,16.1,10,1.61
64,7,IND,7,12.5,25,0.5
65,7,IND,7,12.5,25,0.5
66,7,IND,7,12.5,25,0.5
67,7,ENG,13,19.8,30,0.66
68,7,ENG,13,19.8,30,0.66
69,7,ENG,13,19.8,30,0.66
70,7,NZL,10,34.4,18,1.911111111111111
71,8,NZL,10,34.4,18,1.911111111111111
72,8,NZL,10,34.4,18,1.911111111111111
73,8,NZL,10,34.4,18,1.911111111111111
74,8,IND,7,12.5,25,0.5
75,8,IND,7,12.5,25,0.5
76,8,ENG,13,19.8,30,0.66
77,8,WIN,6,4.2,11,0.38181818181818183
78,8,LKA,14,16.1,10,1.61
79,8,IRE,7,2.5,6,0.4166666666666667
80,8,AUS,10,66.8,32,2.0875
81,9,IND,7,12.5,25,0.5
82,9,IND,7,12.5,25,0.5
83,9,NZL,10,34.4,18,1.911111111111111
84,9,NZL,10,34.4,18,1.911111111111111
85,9,AUS,10,66.8,32,2.0875
86,9,AUS,10,66.8,32,2.0875
87,9,ENG,13,19.8,30,0.66
88,9,ENG,13,19.8,30,0.66
89,9,OMN,5,2.7,2,1.35
90,9,"NAM",9,9,3,3
91,10,BAN,13,5.9,6,0.9833333333333334
92,10,BAN,13,5.9,6,0.9833333333333334
93,10,PAK,9,22.6,9,2.511111111111111
94,10,PAK,9,22.6,9,2.511111111111111
95,10,ENG,13,19.8,30,0.66
96,10,AUS,10,66.8,32,2.0875
97,10,AUS,10,66.8,32,2.0875
98,10,WIN,6,4.2,11,0.38181818181818183
99,10,AFG,9,9.2,7,1.3142857142857143
100,10,"NAM",9,9,3,3
101,11,IND,7,12.5,25,0.5
102,11,IND,7,12.5,25,0.5
103,11,AUS,10,66.8,32,2.0875
104,11,AUS,10,66.8,32,2.0875
105,11,NZL,10,34.4,18,1.911111111111111
106,11,ENG,13,19.8,30,0.66
107,11,WIN,6,4.2,11,0.38181818181818183
108,11,NED,4,0.2,4,0.05
109,11,IRE,7,2.5,6,0.4166666666666667
110,11,OMN,5,2.7,2,1.35
111,12,LKA,14,16.1,10,1.61
112,12,LKA,14,16.1,10,1.61
113,12,IND,7,12.5,25,0.5
114,12,IND,7,12.5,25,0.5
115,12,AUS,10,66.8,32,2.0875
116,12,ENG,13,19.8,30,0.66
117,12,ENG,13,19.8,30,0.66
118,12,NZL,10,34.4,18,1.911111111111111
119,12,NZL,10,34.4,18,1.911111111111111
120,12,AFG,9,9.2,7,1.3142857142857143
121,13,ENG,13,19.8,30,0.66
122,13,ENG,13,19.8,30,0.66
123,13,ENG,13,19.8,30,0.66
124,13,AUS,10,66.8,32,2.0875
125,13,AUS,10,66.8,32,2.0875
126,13,IND,7,12.5,25,0.5
127,13,LKA,14,16.1,10,1.61
128,13,IRE,7,2.5,6,0.4166666666666667
129,13,BAN,13,5.9,6,0.9833333333333334
130,13,RSA,9,16.8,5,3.3600000000000003
131,14,AUS,10,66.8,32,2.0875
132,14,AUS,10,66.8,32,2.0875
133,14,AUS,10,66.8,32,2.0875
134,14,ENG,13,19.8,30,0.66
135,14,ENG,13,19.8,30,0.66
136,14,ENG,13,19.8,30,0.66
137,14,RSA,9,16.8,5,3.3600000000000003
138,14,AFG,9,9.2,7,1.3142857142857143
139,14,NED,4,0.2,4,0.05
140,14,NZL,10,34.4,18,1.911111111111111
141,15,AUS,10,66.8,32,2.0875
142,15,AUS,10,66.8,32,2.0875
143,15,AUS,10,66.8,32,2.0875
144,15,ENG,13,19.8,30,0.66
145,15,ENG,13,19.8,30,0.66
146,15,ENG,13,19.8,30,0.66
147,15,NZL,10,34.4,18,1.911111111111111
148,15,NZL,10,34.4,18,1.911111111111111
149,15,IND,7,12.5,25,0.5
150,15,BAN,13,5.9,6,0.9833333333333334
151,16,PAK,9,22.6,9,2.511111111111111
152,16,PAK,9,22.6,9,2.511111111111111
153,16,PAK,9,22.6,9,2.511111111111111
154,16,ENG,13,19.8,30,0.66
155,16,ENG,13,19.8,30,0.66
156,16,AUS,10,66.8,32,2.0875
157,16,AUS,10,66.8,32,2.0875
158,16,NZL,10,34.4,18,1.911111111111111
159,16,LKA,14,16.1,10,1.61
160,16,IRE,7,2.5,6,0.4166666666666667
161,17,IND,7,12.5,25,0.5
162,17,IND,7,12.5,25,0.5
163,17,IND,7,12.5,25,0.5
164,17,AUS,10,66.8,32,2.0875
165,17,AUS,10,66.8,32,2.0875
166,17,NZL,10,34.4,18,1.911111111111111
167,17,NZL,10,34.4,18,1.911111111111111
168,17,LKA,14,16.1,10,1.61
169,17,AFG,9,9.2,7,1.3142857142857143
170,17,NED,4,0.2,4,0.05
